범죄대분류,범죄중분류,종로구,중구,용산구,성동구,광진구,동대문구,중랑구,성북구,강북구,도봉구,노원구,은평구,서대문구,마포구,양천구,강서구,구로구,금천구,영등포구,동작구,관악구,서초구,강남구,송파구,강동구,수원시,성남시,용인시
강력범죄,살인기수,0,3,5,2,1,2,3,1,0,5,3,6,1,1,3,3,2,2,2,1,1,4,3,4,0,8,2,1
강력범죄,살인미수등,1,2,5,3,1,5,2,1,6,2,4,3,2,3,1,2,5,4,8,0,3,6,13,1,3,9,7,11
강력범죄,강도,5,5,4,2,6,4,2,1,0,0,3,1,0,4,1,6,0,3,6,1,3,5,17,3,4,7,5,1
강력범죄,강간,31,21,52,22,49,25,35,32,40,18,29,37,40,89,16,53,30,31,58,20,88,52,161,71,24,112,67,49
강력범죄,유사강간,6,7,9,3,9,9,5,8,3,1,6,1,7,23,3,16,7,2,10,7,22,13,42,8,9,27,18,11
강력범죄,강제추행,171,150,201,88,178,90,102,105,98,55,108,93,83,391,85,193,150,93,212,152,221,295,428,236,133,369,236,193
강력범죄,기타 강간/강제추행등,0,2,0,1,1,1,0,1,0,0,0,0,1,1,1,3,0,1,1,2,4,1,4,1,0,3,2,2
강력범죄,방화,9,8,6,7,7,8,10,5,4,5,9,10,2,6,9,12,5,5,3,7,11,8,9,10,5,16,19,16
절도범죄,절도범죄,1180,1410,1072,968,1321,1618,1439,884,968,800,1506,1520,1012,1469,1513,1671,1572,887,1790,1091,1967,1587,2094,2500,1662,5042,3074,3200
폭력범죄,상해,110,96,103,74,89,88,117,67,71,58,68,111,54,140,84,126,80,74,141,78,103,71,246,119,96,286,292,194
폭력범죄,폭행,785,866,1187,504,705,869,840,648,703,488,885,813,495,1179,733,1171,961,548,1187,701,1304,1091,1900,1374,909,2792,2074,1781
폭력범죄,체포/감금,2,5,9,1,7,2,3,8,3,2,2,4,5,8,3,11,2,4,8,4,17,13,27,15,3,20,16,16
폭력범죄,협박,143,125,146,148,120,168,186,127,129,94,164,181,106,196,158,269,175,151,188,148,265,182,348,293,172,570,457,360
폭력범죄,약취/유인,1,0,5,1,2,2,5,1,1,1,3,1,3,1,5,2,0,0,3,3,4,6,8,2,6,6,3,4
폭력범죄,폭력행위등,23,37,47,17,22,27,41,17,27,20,26,18,9,41,27,36,38,18,79,11,34,35,76,32,22,106,69,73
폭력범죄,공갈,27,21,43,35,44,39,52,34,34,15,45,71,18,39,27,81,29,13,38,44,37,58,119,91,38,115,90,63
폭력범죄,손괴,269,228,401,253,314,267,335,247,201,180,241,360,210,308,327,353,331,184,426,198,403,356,611,420,273,1335,851,754
지능범죄,직무유기,15,9,12,9,6,8,2,10,8,3,5,3,3,7,6,10,9,5,16,4,9,34,13,12,6,12,12,6
지능범죄,직권남용,24,15,13,3,10,13,8,6,11,5,6,8,8,16,12,11,11,3,12,4,15,20,23,18,5,23,33,15
지능범죄,증수뢰,3,3,2,1,5,2,0,4,0,1,4,1,3,8,4,5,0,0,5,0,1,9,12,3,1,10,3,8
지능범죄,통화,11,49,3,3,8,7,3,4,2,3,9,4,3,7,5,7,2,2,9,2,2,11,14,13,2,11,8,5
지능범죄,문서/인장,73,76,43,73,80,66,77,57,60,38,59,80,62,137,130,98,100,67,131,54,106,205,250,197,76,291,222,195
지능범죄,유가증권인지,2,4,0,0,1,1,0,0,1,0,0,1,0,0,0,2,0,0,2,0,1,4,6,3,0,0,0,2
지능범죄,사기,2440,1770,2170,2738,2150,2685,2809,2860,2401,1823,2254,2873,2043,2624,2504,4236,3199,3079,4160,2358,4753,4722,10554,5184,2876,11536,7468,6964
지능범죄,횡령,766,823,594,555,694,617,468,412,306,245,487,471,446,1013,463,649,583,373,825,569,871,1024,1627,1099,456,1435,1172,988
지능범죄,배임,36,35,38,27,22,25,19,27,17,9,15,26,15,43,21,41,20,30,58,24,35,92,207,82,19,63,88,84
풍속범죄,성풍속범죄,129,99,128,123,169,125,126,125,112,82,175,158,130,274,83,262,154,100,194,130,298,196,391,243,155,767,335,308
풍속범죄,도박범죄,19,16,23,21,44,36,37,16,26,12,26,27,23,28,28,69,35,23,44,205,40,20,126,40,35,445,99,77
특별경제범죄,특별경제범죄,845,995,848,669,799,807,843,736,580,489,809,695,511,991,720,1115,1017,802,1080,628,1285,1661,2982,1028,1034,2408,2752,1975
마약범죄,마약범죄,59,56,178,86,80,91,58,43,64,40,76,51,49,119,64,139,110,58,146,72,173,220,817,154,68,337,112,83
보건범죄,보건범죄,81,95,102,21,34,81,42,44,49,31,43,47,45,202,33,103,72,41,92,49,73,137,411,128,42,190,245,64
환경범죄,환경범죄,0,0,1,0,1,2,1,3,3,1,2,0,0,2,1,8,0,1,0,2,1,1,1,1,2,13,13,77
교통범죄,교통범죄,715,717,978,768,899,1265,1051,933,747,461,918,968,631,1402,861,1374,900,817,1683,828,1125,1787,2991,1767,1028,5690,4035,4013
노동범죄,노동범죄,5,1,0,3,0,1,1,1,1,1,1,1,0,1,0,4,1,3,5,1,6,4,10,6,2,3,4,5
안보범죄,안보범죄,5,3,6,1,0,2,1,1,4,0,0,1,2,3,2,4,1,1,9,3,0,1,6,31,3,10,1,1
선거범죄,선거범죄,18,18,7,11,9,5,8,5,9,6,13,16,10,23,7,21,7,8,30,8,17,13,14,8,11,22,18,13
병역범죄,병역범죄,35,15,37,55,81,85,77,70,62,46,80,58,57,81,70,94,66,73,91,88,228,128,193,91,100,232,194,160
기타범죄,기타범죄,1971,2134,2258,1502,1835,1669,1936,1614,1869,1316,1921,1989,1364,2608,1859,2813,2052,1459,2715,1517,3013,3166,4951,3033,1987,6050,4891,3733
